X,Y,Y_tile,X_tile,country
103.10880229465512,12.404550094334798,38,15,Cambodia
103.16417890413777,12.404550094334798,38,16,Cambodia
103.2195555136204,12.404550094334798,38,17,Cambodia
103.27493212310306,12.404550094334798,38,18,Cambodia
103.33030873258569,12.404550094334798,38,19,Cambodia
103.38568534206834,12.404550094334798,38,20,Cambodia
