X,Y,Y_tile,X_tile,country
99.06775745569246,18.849806170405767,3,3,Cambodia
