X,Y,Y_tile,X_tile,country
102.49965959034604,13.918063607848312,66,4,Cambodia
102.55503619982868,13.918063607848312,66,5,Cambodia
102.61041280931133,13.918063607848312,66,6,Cambodia
102.66578941879396,13.918063607848312,66,7,Cambodia
