X,Y,Y_tile,X_tile,country
105.87763276878732,12.404550094334798,38,65,Cambodia

