X,Y,Y_tile,X_tile,country
104.5998671930887,13.641528429780315,10,10,Cambodia
